Sites	Indel_prop	Indel_prop(ConvLeaves)	PCOC	PC	OC
566	0.0	0.0	0.0994449247985	0.862924185717	0.23439814264
567	0.0	0.0	0.306423188685	0.832407934711	0.105930763442
569	0.0	0.0	0.98406193673	0.853867798046	0.909304271804
710	0.0	0.0	0.0491058283236	0.863487474111	0.0106529503466
715	0.0	0.0	0.988375874497	0.814422593507	0.951515190818
