Sites	Indel_prop	Indel_prop(ConvLeaves)	PCOC	PC	OC
548	0.0	0.0	0.211481963257	0.925659346076	0.0940485039559
560	0.0	0.0	0.94384764499	0.997412580936	0.0782041645748
566	0.0	0.0	0.995988203581	0.988785163621	0.666505571629
583	0.0	0.0	0.10612666984	0.887441746776	0.000756323523765
589	0.0	0.0	0.290495584061	0.962324187605	0.00205499737411
593	0.0	0.0	0.00134361229901	0.808073818194	0.015563081493
594	0.0	0.0	0.0362902694817	0.809012660437	0.00722258588293
601	0.0	0.0	0.473012423334	0.0894316449662	0.84579697906
613	0.0	0.0	0.546152911681	0.928433299737	0.025675042858
627	0.0	0.0	0.94532109529	0.782722245281	0.838142294698
645	0.0	0.0	0.848375562932	0.998044427215	0.0328356295794
657	0.0	0.0	0.000243864819884	0.95927600346	1.64089801362e-06
691	0.0	0.0	0.96248700597	0.881733661635	0.55316006444
694	0.0	0.0	7.33186739313e-05	0.905684948306	8.22810440642e-06
696	0.0	0.0	0.893037874403	0.928402965268	0.280295340641
705	0.0	0.0	0.905232085011	0.830499235572	0.861849561297
710	0.0	0.0	0.304178404078	0.88624127639	0.0213121112796
713	0.0	0.0	0.196850117286	0.998858440729	0.000339963848335
714	0.0	0.0	0.534841476777	0.925709261591	0.417696458174
715	0.0	0.0	0.0275966935885	0.95295219969	0.000356344520999
717	0.0	0.0	0.231923481254	0.969291730702	0.00385239345719
732	0.0	0.0	0.872449130376	0.996588529585	0.00626992147908
758	0.0	0.0	0.95968085144	0.991093437081	0.0715718925128
762	0.0	0.0	0.993693196559	0.979378599341	0.750462415413
768	0.0161290322581	0.0	0.640421390834	0.878539885964	0.176174145456
775	0.0322580645161	0.0	0.110486220448	0.0256938929912	0.846701351137
