Sites	Indel_prop	Indel_prop(ConvLeaves)	PCOC	PC	OC
536	0.0	0.0	2.36971246538e-08	0.847252052195	9.38220412094e-09
548	0.0	0.0	0.000190375729524	0.821699880877	0.000106451964402
550	0.0	0.0	1.80083969044e-08	0.856269929867	2.99002898871e-08
560	0.0	0.0	0.00150755089082	0.929670981592	1.7147486896e-08
566	0.0	0.0	0.626437023239	0.960753757604	0.0963882895743
589	0.0	0.0	0.000230284127948	0.836812763132	1.16218705676e-05
645	0.0	0.0	5.39199851515e-06	0.946560362973	1.95456260191e-08
649	0.0	0.0	1.84473513436e-06	0.912328634747	3.26776844803e-05
679	0.0	0.0	2.36456449958e-06	0.950472590758	2.17164089125e-08
696	0.0	0.0	9.6592807119e-07	0.856442374046	6.44534932118e-09
712	0.0	0.0	4.85941658343e-08	0.902650765697	1.56474269438e-08
713	0.0	0.0	0.00159817055921	0.991641758736	2.71017415798e-07
714	0.0	0.0	7.58723175563e-06	0.991767593521	1.98564600253e-06
716	0.0	0.0	2.51959736572e-09	0.963549814722	8.10252912336e-11
717	0.0	0.0	3.48741157879e-08	0.868995528749	2.56731844189e-12
724	0.0	0.0	3.43786054145e-06	0.911346571672	9.3788930957e-06
732	0.0	0.0	6.03614531881e-06	0.99458702523	8.30421044661e-08
758	0.0	0.0	1.53212758975e-09	0.945614334984	3.49319605427e-11
762	0.0	0.0	3.18313481049e-08	0.903441126192	6.38586860087e-11
768	0.0161290322581	0.0	0.000301546008538	0.811849812751	9.90913058525e-05
777	0.0483870967742	0.0	3.13889972351e-08	0.916004525467	2.28626925122e-05
778	0.0483870967742	0.0	7.80020462114e-05	0.843376930358	4.54248946533e-05
783	0.0483870967742	0.0	0.363076648334	0.232791820189	0.845872785694
