Sites	Indel_prop	Indel_prop(ConvLeaves)	PCOC	PC	OC
543	0.0	0.0	0.907174488694	0.84014843305	0.565314057697
567	0.0	0.0	0.917080928383	0.850997250342	0.658353676479
710	0.0	0.0	0.833334311569	0.726657070792	0.657689416635
749	0.0	0.0	0.879714088711	0.794823863632	0.646408217657
782	0.0483870967742	0.0	0.83717941299	0.70073100597	0.696056529638
