Sites	Indel_prop	Indel_prop(ConvLeaves)	PCOC	PC	OC
543	0.0	0.0	0.830937873397	0.806926938512	0.535277764354
559	0.0	0.0	0.804525123039	0.777200416126	0.557672355753
584	0.0	0.0	0.842870162809	0.814025219951	0.547576824434
609	0.0	0.0	0.906646371008	0.889290099116	0.558012558595
622	0.0	0.0	0.827913456614	0.799964470842	0.539243301881
675	0.0161290322581	0.0	0.804048752116	0.768758826689	0.536932607415
714	0.0	0.0	0.90765059017	0.891844859515	0.53440213766
764	0.0161290322581	0.0	0.869899314875	0.85098533509	0.542149726388
