Sites	Indel_prop	Indel_prop(ConvLeaves)	PCOC	PC	OC
536	0.0	0.0	5.93196481959e-10	0.961105748563	1.49848077989e-10
560	0.0	0.0	0.000288886757415	0.929747905975	5.79354068814e-09
566	0.0	0.0	0.261140750601	0.867275824219	0.0824846671368
589	0.0	0.0	2.49660956347e-05	0.908591111731	2.23215864811e-06
597	0.0	0.0	0.0708763507368	0.835039368338	0.0294434162592
645	0.0	0.0	1.0416254807e-06	0.883155281902	9.82242832442e-09
649	0.0	0.0	1.13954011495e-08	0.902173417957	1.70894665895e-07
679	0.0	0.0	1.50879200164e-07	0.948937321014	2.08488194046e-09
696	0.0	0.0	2.31276743479e-08	0.846118818418	9.29768035155e-11
705	0.0	0.0	3.53112540292e-06	0.972828916397	1.20523155142e-05
712	0.0	0.0	1.32740282568e-10	0.923898471736	8.68623368204e-11
713	0.0	0.0	2.56789965352e-06	0.879656954685	9.05221557224e-09
714	0.0	0.0	2.95400102667e-05	0.986767002429	7.84413038877e-06
716	0.0	0.0	7.69997467709e-10	0.945767717646	9.09492397301e-11
724	0.0	0.0	9.80093936815e-08	0.81115242065	1.73406523336e-07
732	0.0	0.0	9.41308072441e-08	0.983322551457	1.11999760754e-09
758	0.0	0.0	1.02449853775e-09	0.896640761414	3.09704545438e-11
762	0.0	0.0	6.7499657428e-10	0.869964158737	2.73940285653e-12
777	0.0483870967742	0.0	1.07883978339e-08	0.946540248566	1.22131903633e-05
778	0.0483870967742	0.0	5.68681884638e-07	0.812594211562	2.29543944803e-06
