Sites	Indel_prop	Indel_prop(ConvLeaves)	PCOC	PC	OC
548	0.0	0.0	0.00211168988846	0.894972362481	0.000141268535138
550	0.0	0.0	3.5623335436e-08	0.897466622724	1.94361563819e-07
560	0.0	0.0	0.142441105997	0.949466904055	1.7889810768e-06
566	0.0	0.0	0.979705684206	0.975273976199	0.469001700302
589	0.0	0.0	0.0010857844122	0.918518374349	3.45983960952e-05
601	0.0	0.0	0.117009670615	0.00964280183718	0.842768293752
613	0.0	0.0	7.19603452132e-08	0.829463132097	4.26325097855e-07
645	0.0	0.0	0.00067931296461	0.978753080772	8.72651334198e-06
679	0.0	0.0	0.000129220298207	0.953090118816	1.42851397711e-06
696	0.0	0.0	1.40963735201e-06	0.880662741641	1.17359293267e-08
705	0.0	0.0	0.0182824041235	0.855701359597	0.039443217692
712	0.0	0.0	8.14036648317e-07	0.879496723847	2.22468331564e-07
713	0.0	0.0	0.000246944877561	0.9962019129	2.61698041147e-07
714	0.0	0.0	6.76870860893e-06	0.987318248031	1.3880876304e-06
715	0.0	0.0	2.88700042519e-09	0.803159031683	2.16213714853e-11
716	0.0	0.0	5.16718886773e-07	0.977623047105	3.86457687764e-08
717	0.0	0.0	2.98223554899e-07	0.913801246693	7.23664907782e-11
724	0.0	0.0	3.40998576845e-07	0.90285755993	7.48614927224e-07
732	0.0	0.0	0.000137313808819	0.994969501822	1.47550810839e-06
744	0.0	0.0	0.0628398372415	0.820665987576	0.0128111185252
749	0.0	0.0	0.00185832471653	0.810118857429	0.00130009842874
758	0.0	0.0	4.13657626515e-07	0.918436416404	2.30072688486e-08
762	0.0	0.0	5.5201881663e-06	0.92701254168	4.29504533156e-09
768	0.0161290322581	0.0	9.57759588313e-05	0.815214952439	1.81462445513e-05
777	0.0483870967742	0.0	4.46104566791e-07	0.832091563438	0.000124636894534
778	0.0483870967742	0.0	0.00217473268313	0.931329761253	0.00167840735667
