Sites	Indel_prop	Indel_prop(ConvLeaves)	PCOC	PC	OC
532	0.0	0.0	0.905689365644	0.85067499074	0.611107817037
556	0.0	0.0	0.929592958523	0.895391768952	0.618691972463
609	0.0	0.0	0.121298851573	0.827152205101	0.392169956583
622	0.0	0.0	0.730330515052	0.827103350592	0.184493206827
668	0.0	0.0	0.818856883988	0.711696322677	0.512779460515
675	0.0161290322581	0.0	0.899880382468	0.829154210586	0.610638951911
714	0.0	0.0	0.975966637789	0.95543309831	0.584362889629
725	0.0	0.0	0.946512262327	0.907314164581	0.60787771694
742	0.0	0.0	0.85264366618	0.762918317776	0.593986447081
764	0.0161290322581	0.0	0.186963878991	0.802172862879	0.259032923175
