Sites	Indel_prop	Indel_prop(ConvLeaves)	PCOC	PC	OC
548	0.0	0.0	0.119431757898	0.930737361022	0.00704180435295
560	0.0	0.0	0.945616037979	0.99805512573	8.03680576191e-05
566	0.0	0.0	0.996551075111	0.990529467406	0.680690973052
583	0.0	0.0	9.09586152842e-06	0.842171693489	1.28638925826e-06
589	0.0	0.0	0.00925157830386	0.980503683851	6.23032975469e-06
613	0.0	0.0	0.00681453323838	0.929238219737	0.000715420957394
645	0.0	0.0	0.684170639979	0.996498632977	0.00545281202424
657	0.0	0.0	3.94597640357e-10	0.9151445911	1.99923336724e-12
658	0.0	0.0	8.84610123796e-06	0.875758147753	1.06839302058e-06
679	0.0	0.0	0.00166181427773	0.831051057466	2.09426556173e-05
691	0.0	0.0	0.540127945718	0.846300524146	0.0726409837235
694	0.0	0.0	3.51026554792e-11	0.917863772505	1.59936262102e-11
696	0.0	0.0	0.112252516679	0.946330774716	0.001454075721
712	0.0	0.0	0.000518403174747	0.862893263386	5.22150792823e-05
713	0.0	0.0	0.0190533423206	0.998735533474	0.00011074282207
714	0.0	0.0	0.173568996457	0.967323899679	0.167533657448
715	0.0	0.0	5.25820421132e-07	0.940853142195	2.97129168742e-09
716	0.0	0.0	0.104961793841	0.908423666963	0.0291472276819
717	0.0	0.0	0.00119391485841	0.957864082801	2.15222086805e-07
724	0.0	0.0	1.61522698958e-06	0.906580403536	4.74401063355e-06
732	0.0	0.0	0.189518026589	0.995666501126	0.000935629720153
749	0.0	0.0	0.00182265401132	0.853023402224	0.00112480984816
758	0.0	0.0	0.0303497337336	0.992268837862	0.00040092285928
762	0.0	0.0	0.148754827973	0.943016879305	6.97868714267e-05
768	0.0161290322581	0.0	0.042873579635	0.870685359979	0.0076455051731
778	0.0483870967742	0.0	0.0652921637109	0.912561927797	0.140882472293
