Sites	Indel_prop	Indel_prop(ConvLeaves)	PCOC	PC	OC
538	0.0	0.0	3.53646866471e-09	0.890112963658	5.73128848699e-08
543	0.0	0.0	1.05007968725e-11	0.873348661184	2.44891638627e-10
566	0.0	0.0	0.00555847413168	0.900518496257	0.0146293962392
603	0.0	0.0	1.45481580728e-09	0.94771529913	2.99442359871e-07
604	0.0	0.0	2.92897075777e-11	0.872511560861	7.27977260154e-12
610	0.0	0.0	5.14528756628e-15	0.994099812026	5.76577400579e-10
611	0.0	0.0	2.97949511374e-15	0.807238526171	1.24675466469e-15
645	0.0	0.0	0.000421251163364	0.999985463712	5.37603371684e-07
657	0.0	0.0	5.48801752849e-17	0.945991189617	1.43646819868e-16
672	0.0	0.0	1.6109410323e-08	0.872153769103	1.6044582304e-10
696	0.0	0.0	2.41596445104e-09	0.875758550053	8.17734029247e-11
710	0.0	0.0	6.65948727319e-08	0.98262355752	1.70853610123e-05
712	0.0	0.0	8.47598927704e-06	0.883185782037	5.30644264438e-07
713	0.0	0.0	1.12450595369e-10	0.998526574185	4.89518178629e-12
714	0.0	0.0	1.86250898758e-06	0.931861983414	9.96126160123e-08
715	0.0	0.0	2.36111791445e-11	0.895759034796	7.9894779634e-10
732	0.0	0.0	1.03119288782e-09	0.995658931395	6.6082863921e-08
743	0.0	0.0	1.12907105496e-11	0.895819682893	2.50489553694e-09
744	0.0	0.0	0.00157345568298	0.887229370454	0.000119655982448
762	0.0	0.0	2.48577608886e-12	0.902936650474	5.22831744616e-12
