Sites	Indel_prop	Indel_prop(ConvLeaves)	PCOC	PC	OC
536	0.0	0.0	4.09077720221e-10	0.967306871291	9.80135210735e-11
560	0.0	0.0	0.00117136729678	0.92362144015	8.06134199063e-09
566	0.0	0.0	0.0644062873005	0.833736078373	0.0393892812829
589	0.0	0.0	5.00235419181e-05	0.897752181733	1.9045322861e-06
597	0.0	0.0	0.00204069503774	0.822656889694	0.00065723565509
645	0.0	0.0	5.82367215798e-07	0.834900610471	7.12649905245e-09
649	0.0	0.0	1.03909943081e-08	0.91436587457	1.32704014003e-07
679	0.0	0.0	1.46403367985e-07	0.94757199232	1.71701305679e-09
705	0.0	0.0	5.93955554735e-06	0.974938445517	1.96381097599e-05
712	0.0	0.0	5.66121957977e-11	0.92983137593	3.70282131986e-11
713	0.0	0.0	2.90011259394e-07	0.861395011018	6.04989545965e-09
714	0.0	0.0	2.78608090825e-06	0.991266382385	7.34603193964e-07
716	0.0	0.0	8.19600917243e-11	0.870277028985	3.29524959652e-11
724	0.0	0.0	6.29077005e-08	0.848780772731	9.07912227484e-08
732	0.0	0.0	5.07239818435e-08	0.979581693433	6.75249621809e-10
758	0.0	0.0	1.17670614485e-10	0.90329371925	1.9255145486e-12
762	0.0	0.0	6.20966778178e-10	0.863600448108	1.21103596418e-12
777	0.0483870967742	0.0	2.66805178365e-09	0.980719904734	2.94034102205e-06
